test,x,y,n,statistic,p_value,note
spearman,refugees_per_1000,inflation,135,0.05888693785972101,0.4974984073573867,
spearman,refugees_per_1000,gdp_growth,134,-0.1770121821967855,0.04075108576151827,
mannwhitney,refugees_per_1000,inflation,135,2114.0,0.47181630018741727,median split at 5.9674
mannwhitney,refugees_per_1000,gdp_growth,134,2558.0,0.1636758980929045,median split at 5.9388
