,conflict_bd_best_syria,refugee_stock,refugees_per_1000,gdp_growth,inflation,unemployment,trade_pct_gdp,current_account_pct_gdp
count,45.0,45.0,45.0,44.0,45.0,44.0,44.0,44.0
mean,22532.266667,1209811.0,68.355869,2.347982,23.580243,12.13925,79.151409,-10.813021
std,25654.518567,1192596.0,56.0787,5.163816,47.668229,3.301317,21.828169,8.906439
min,0.0,9.0,0.000123,-21.3999,-3.749145,6.768,46.943337,-34.606227
25%,1356.0,611473.0,32.00713,1.491318,3.005389,9.79275,62.031307,-17.741888
50%,7379.0,755426.0,56.742627,2.53066,4.971486,11.203,79.322888,-8.071135
75%,50181.0,1147494.0,130.112116,4.021104,12.278957,13.174,96.438296,-4.184094
max,72016.0,3737369.0,180.793415,11.811094,221.341644,19.837,118.69968,1.93516
